question,answer,knowledge
肾上腺素受体是哪一种受体？,G蛋白偶联受体,肾上腺素受体属于G蛋白偶联受体（GPCRs），这是一类广泛存在于细胞膜上，能够响应多种信号分子如激素和神经递质的受体。当肾上腺素与这些受体结合时，它们会激活与受体相连的G蛋白，进而触发一系列细胞内信号转导过程。这些过程包括激活或抑制特定的效应分子，产生次级信号分子，最终导致细胞功能的改变。肾上腺素受体根据其作用的不同，被分为α和β两大类，每类又有不同的亚型，如α1、α2、β1、β2等。了解这些受体的分类和功能对于开发治疗相关疾病的药物至关重要，因为通过药物可以调节肾上腺素的信号传导，从而对高血压、心脏病、哮喘等疾病进行治疗。
引起发热的病因甚多，临床上最为常见的疾病是什么？,感染性发热疾病,发热是一种常见的临床症状，它可以由多种原因引起，但在所有可能的病因中，感染性发热疾病是最为常见的。这些疾病由不同的病原体引起，包括细菌、病毒、寄生虫和真菌，它们可以导致如肺炎、流感、疟疾等具体病症。在诊断过程中，医生会通过详细的病史采集、体格检查、实验室检测和可能的影像学检查来确定发热的原因。治疗策略会根据病原体的类型来定制，可能包括抗生素治疗细菌性感染、抗病毒药物治疗病毒性感染、抗寄生虫药物以及对症治疗，如退热和补液。及时和准确的诊断对于治疗成功和预防潜在并发症至关重要，同时也有助于控制可能的传染性疾病传播。
引起呼吸困难的病因最多见的是什么？,呼吸系统疾病,呼吸困难，医学上称为呼吸窘迫，是一个复杂的症状，通常与多种疾病相关。最常见的原因包括呼吸系统疾病，如哮喘，这是一种气道反应性增加的慢性炎症疾病，导致气道狭窄和呼吸困难；慢性阻塞性肺病（COPD），一种逐渐恶化的肺部疾病，主要由吸烟引起，表现为持续性呼吸困难；以及肺炎，肺部感染引起的炎症。此外，心脏病，如心力衰竭和心脏缺血也常导致呼吸困难，因为心脏泵血功能减弱或心脏供血不足会影响肺部的血液循环。
在呼吸系统疾病中，突发呼吸困难（吸气或呼气）或和哮鸣音，最可能是什么情况？,气道阻塞,突发的呼吸困难和哮鸣音通常与气道的急性阻塞有关。这种情况可能由多种原因引起，其中最常见的是哮喘急性发作，这时气道发生痉挛性收缩，导致气道狭窄、气流受阻，伴有显著的哮鸣音。其他可能的原因包括异物吸入导致的气道阻塞，严重的过敏反应（如过敏性哮喘）或感染导致的声带下狭窄。这些情况都需要迅速的医疗干预以清除气道障碍并恢复正常呼吸。
心悸伴晕厥或抽搐最常见于什么？, 心室颤动或阵发性室性心动过速、病态窦房结综合征,心悸伴晕厥或抽搐最常与严重的心脏节律异常有关，如心室颤动或阵发性室性心动过速。这些心律失常可能导致心脏泵血功能严重下降，从而引起脑部血流不足，造成晕厥或抽搐。此外，病态窦房结综合征也可能导致类似症状，它是由于心脏的自然起搏点——窦房结功能异常所引起的。这些情况都是紧急医疗状况，需要立即进行专业的医疗评估和治疗。
呕吐大量隔夜宿食可见于什么？, 幽门梗阻,呕吐大量隔夜宿食通常提示存在幽门梗阻。幽门梗阻是胃和十二指肠之间的通道——幽门出现阻塞的情况。这可能是由于胃或十二指肠的狭窄、肿瘤、炎症（如胃溃疡或胃炎）或其他原因造成的。幽门梗阻会阻止食物正常排空进入小肠，导致食物在胃中滞留，进而引起呕吐。
呕吐物含多量胆汁提示梗阻平面在什么地方？,十二指肠乳头以下,呕吐物中含有大量胆汁通常提示梗阻发生在胆汁分泌进入小肠的部位之后，即在十二指肠乳头以下。胆汁由肝脏产生，经胆管流入小肠帮助消化。梗阻可能是由于胆结石、炎症（胆管炎）、肿瘤或其他阻塞性病变引起的。这种情况需要通过医学影像学检查，如超声、CT扫描或MRI等来确定梗阻的具体位置和原因。
呕血最常见的疾病是什么？,消化性溃疡,呕血最常见的疾病是消化性溃疡。消化性溃疡是胃或十二指肠黏膜的慢性溃疡，常由于幽门螺杆菌感染、长期使用非甾体抗炎药、吸烟、饮酒或应激等因素引起。当溃疡侵蚀到附近的血管时，可能导致出血，严重时可引起呕血，这是一种紧急情况，需要立即医疗干预。
 阑尾炎的疼痛特点是什么？,转移性右下腹痛,阑尾炎的疼痛特点通常是转移性右下腹痛。疼痛最初可能在脐周或上腹部感觉到，随后逐渐向右侧移动到右下腹部，即阑尾通常所在的位置。这种转移性疼痛的机制尚不完全清楚，但可能与炎症刺激腹腔内神经有关。阑尾炎是一种需要手术切除阑尾的急性情况，以避免并发症，如穿孔和腹膜炎。
慢性腹泻是指病程超过多久？,2月,慢性腹泻的定义是病程超过四周或大约2个月的持续性或反复性腹泻。慢性腹泻可能由多种原因引起，包括慢性感染（如寄生虫或细菌性感染）、炎症性肠病（如克罗恩病或溃疡性结肠炎）、吸收不良综合征（如乳糖不耐症）、慢性胰腺炎、药物副作用、食物不耐受或其他消化系统疾病。
什么疾病所致腹泻可伴重度脱水？,霍乱,霍乱是一种由霍乱弧菌引起的急性肠道传染病，其特征是剧烈的水样腹泻、呕吐、脱水和电解质紊乱。由于腹泻量大且频繁，患者可能会迅速发展为重度脱水，需要立即补液和电解质治疗。
什么能提示阿米巴痢疾？,暗红色果酱样粪便,阿米巴痢疾是由阿米巴原虫感染引起的肠道疾病，其特征性的表现是排出暗红色果酱样粪便。这种粪便含有血液和粘液，且通常有特殊的恶臭。阿米巴痢疾的诊断通常需要显微镜检查粪便样本，以观察阿米巴原虫的存在。
区别肝外或肝内胆管阻塞的部位，什么检查最好？,ERCP检查,ERCP检查（经内镜逆行性胆胰管造影）是区别肝外或肝内胆管阻塞的最佳检查方法。ERCP允许医生通过内镜将造影剂注入胆管和胰管，从而在X线下清晰地显示这些管道的解剖结构。这种方法对于诊断胆管结石、肿瘤、炎症或其他阻塞性病变非常有用。
全身黄疸，粪便呈白陶土色，可见于什么疾病？,胰头癌,全身黄疸伴随粪便呈白陶土色通常见于胰头癌。胰头癌可能压迫胆总管，导致胆汁流入肠道受阻，引起黄疸。由于缺乏胆汁，粪便可能呈现为白陶土色，这是由于胆汁酸的缺乏影响了粪便中胆红素的形成。
血总胆红素，非结合胆红素增高，结合胆红素下降，粪便颜色加深，提示什么？,溶血性黄疸,这种情况提示溶血性黄疸。溶血性黄疸是由于大量红细胞破坏，导致非结合胆红素（间接胆红素）的产生超过肝脏的代谢能力，从而引起血液中非结合胆红素水平升高。结合胆红素（直接胆红素）的水平可能下降，因为已经转化为非结合胆红素。粪便颜色加深是由于胆红素的代谢产物尿胆原增加，尿胆原经肠道细菌作用后转化为粪胆原，使粪便颜色变深。
什么鉴定有助于鉴别肝细胞性黄疸和胆汁瘀积性黄疸？,尿胆元定性和定量检查,尿胆元定性和定量检查有助于鉴别肝细胞性黄疸和胆汁瘀积性黄疸。肝细胞性黄疸时，由于肝细胞损伤，尿胆元的排泄增加；而胆汁瘀积性黄疸时，由于胆汁流出受阻，尿胆元的排泄减少或缺失。
Charcot三联征常常提示什么？,急性化脓性胆管炎,Charcot三联征（包括寒战、高热和黄疸）常常提示急性化脓性胆管炎。这是一种严重的胆道感染，通常需要紧急医疗干预，可能包括抗生素治疗和手术引流。
意识障碍伴瞳孔散大可见于什么疾病？,颠茄类中毒,意识障碍伴随瞳孔散大可能提示颠茄类中毒。颠茄类是一类药物，包括阿托品，它们可以引起抗胆碱能效应，导致瞳孔散大和意识水平的改变。
意识障碍伴瞳孔缩小可见于什么疾病？,有机磷农药中毒,意识障碍伴随瞳孔缩小可能提示有机磷农药中毒。有机磷农药通过抑制乙酰胆碱酯酶活性，导致乙酰胆碱在神经突触积聚，引起一系列症状，包括瞳孔缩小、呼吸困难和中枢神经系统症状。
中度昏迷与深昏迷最有价值的鉴别是什么？,深浅反射均消失,中度昏迷与深昏迷最有价值的鉴别在于患者的反射。在中度昏迷中，患者可能对疼痛刺激有反应，而在深昏迷中，所有反射，包括对疼痛的反应，都可能消失。
 男，30岁，近4年来经常间发四肢关节疼痛，近来感乏力、纳差、心悸、气促，肝在肋下2.5cm触及，轻触痛。查血红蛋白97g／L，尿蛋白(十)；双下肢轻度浮肿。其原因最可能为,二尖瓣狭窄致右心衰,这种情况最可能的原因是二尖瓣狭窄致右心衰。二尖瓣狭窄是心脏瓣膜病的一种，它限制了心脏从左心房到左心室的血液流动，可能导致右心室负担增加和心力衰竭。
女，30岁，怕冷，腹胀，经期延长，量多，全身肿胀，以经前为甚，较硬。B超示甲状腺肿大、肝脏肿大及脂肪肝。其皮肤肿胀的原因是什么？,甲状腺功能减退症,该患者的症状，包括怕冷、腹胀、经期问题、全身肿胀以及B超检查结果，提示甲状腺功能减退症。甲状腺功能减退症是由于甲状腺激素分泌减少引起的，可以导致新陈代谢减缓和身体多系统的功能障碍。
 肾源性水肿者，其水肿常先出现于,眼睑,肾源性水肿通常首先出现在眼睑，这是因为肾脏功能受损导致体内水和钠的排泄减少，引起液体在体内积聚。眼睑的组织较为松弛，因此水分容易在此部位首先显现出来。
心源性水肿者，其水肿常先出现于,人体的最低部位,心源性水肿通常首先出现在人体的最低部位，如脚踝和下肢。这是因为心脏泵血功能下降导致静脉回流受阻，特别是在身体低垂部位，重力作用使得液体更易积聚。
国内咯血最常见的病因是什么？,肺结核,在国内，咯血最常见的病因是肺结核。肺结核是一种由结核分枝杆菌引起的传染性疾病，它可以侵犯肺部并导致出血，进而引起咯血。
小儿囟门闭合时间多在什么时候？,12～18个月,小儿囟门（前囟）的闭合时间多在12至18个月之间。囟门闭合是婴儿头骨生长的正常过程，闭合过早或过晚都可能提示某些健康问题。
角膜边缘出现黄色或棕褐色的色素环，称Kayser—Fleischer环，是什么原因所致？,铜代谢障碍,Kayser-Fleischer环是角膜边缘出现的黄色或棕褐色色素沉着，这是铜代谢障碍疾病——肝豆状核变性（Wilson病）的典型临床表现。Wilson病是一种遗传性疾病，由于铜在体内累积，特别是肝脏、大脑和角膜，导致相应的器官功能障碍。
鼻梁部皮肤出现红色斑块，病损处高起皮面并向两侧面颊部扩展，见于什么疾病？,系统性红斑狼疮,这种情况见于系统性红斑狼疮（SLE），这是一种自身免疫性疾病，可以影响多个器官系统，包括皮肤、关节、肾脏和神经系统。
妇女如发生周期性鼻出血，则应考虑什么疾病？, 子宫内膜异位症,妇女如果发生周期性鼻出血，应考虑子宫内膜异位症的可能性。子宫内膜异位症是一种妇科疾病，指的是子宫内膜组织生长在子宫以外的地方，这可能导致月经期以外的异常出血。
口唇疱疹常伴发于什么疾病？,流行性脑脊髓膜炎,口唇疱疹是由单纯疱疹病毒（HSV）引起的，常在免疫力下降时复发。它常伴发于流行性脑脊髓膜炎，这是一种严重的病毒感染，影响脑和脊髓。
小儿囟门闭合过早可形成什么畸形？,小颅,小儿囟门闭合过早可能导致小颅畸形，这是因为头骨过早闭合限制了大脑的正常生长和发育。
 长颅表现自颅顶至下颌部的长度明显增加见于什么疾病？,肢端肥大症,长颅畸形，表现为从颅顶至下颌部的长度明显增加，见于肢端肥大症。肢端肥大症是由于生长激素过度分泌引起的，通常与脑下垂体的腺瘤有关
正常虹膜纹理近瞳孔部分呈放射状排列，周边呈环形排列，当纹理模糊或消失，其原因为什么？,虹膜炎症、水肿,虹膜纹理的模糊或消失可能是由于虹膜炎症或水肿引起的。虹膜炎是眼睛的炎症性疾病，可能导致虹膜肿胀、血管扩张和纹理不清。此外，虹膜水肿也可能导致纹理的不清晰，这种情况可能由于眼内压力增高、眼部手术或某些全身性疾病（如糖尿病或高血压）引起。
正常人瞳孔的大小直径为多少？,3～4mm,正常人在静息状态下的瞳孔大小直径通常在3～4mm之间。瞳孔大小可以受到多种因素的影响，包括光线强度、年龄、药物使用、情绪状态以及某些病理状态。例如，光线强时瞳孔会缩小，光线弱时瞳孔会扩大；儿童和年轻人的瞳孔通常比老年人大；某些药物如散瞳剂可以导致瞳孔扩大。
外耳道有血液或脑脊液流出，应考虑到什么？,颅底骨折,外耳道出现血液或脑脊液流出，应考虑到颅底骨折的可能性。颅底骨折可能导致脑脊液从骨折处的裂缝漏出，这种情况需要紧急医疗评估和治疗，以防止可能的并发症，如脑膜炎。
鼻粘膜萎缩，鼻腔分泌物减少，鼻甲缩小，鼻腔宽大，嗅觉减退或丧失，见于什么疾病？,慢性萎缩性鼻炎,这些症状见于慢性萎缩性鼻炎。慢性萎缩性鼻炎是一种慢性鼻腔炎症，导致鼻腔内膜萎缩，可能由长期炎症、慢性感染、鼻腔手术或某些环境因素引起。
口腔粘膜出现蓝黑色色素沉着斑片，指缝、乳晕等处也有色素沉着，多见于什么疾病？,肾上腺皮质功能减退症,这种症状多见于肾上腺皮质功能减退症，也称为艾迪生病。这是一种由于肾上腺皮质激素分泌不足引起的内分泌疾病，可能导致皮肤、粘膜和各种器官的色素沉着。
什么咽部病变应考虑为咽白喉？,扁桃体红肿，表面的白色假膜不易剥离，若强行剥离易引起出血,咽部病变如果表现为扁桃体红肿，表面覆盖有不易剥离的白色或灰白色假膜，且强行剥离可能导致出血，应考虑为咽白喉。咽白喉是一种由白喉杆菌引起的严重感染，需要及时的抗生素治疗和密切的医疗监护。
什么疾病可引起颈静脉怒张？,缩窄性心包炎,颈静脉怒张，即颈静脉明显扩张，可能由多种疾病引起，包括右心衰竭、缩窄性心包炎、心脏压塞、上腔静脉综合征等。这些疾病增加了中心静脉压力，导致颈静脉回流受阻。
肝颈静脉回流征阳性可见于什么疾病？,右心衰竭,肝颈静脉回流征阳性是指在肝脏压迫下，颈静脉压力增高的现象，这在右心衰竭时可以见到。右心衰竭可能导致体循环静脉压力增高，从而引起肝颈静脉回流征阳性。
诊断甲状腺功能亢进的特征性改变是什么？,可触及震颤或能听到杂音,甲状腺功能亢进，也称为甲亢，其特征性改变包括可触及的震颤或能听到的杂音。这些是由于甲状腺激素水平过高导致的高代谢状态和血管扩张。此外，甲亢的其他症状还包括心悸、体重减轻、多汗、易怒和眼球突出等。
 交替脉常见于什么疾病？,冠心病,交替脉是指脉搏的强弱和间隔出现交替变化，常见于冠心病，尤其是在左心室功能不全的情况下。交替脉是心脏适应严重心脏疾病的一种表现。
什么疾病可出现颈静脉搏动？,三尖瓣关闭不全,颈静脉搏动可能在三尖瓣关闭不全的患者中出现。三尖瓣关闭不全是一种心脏瓣膜疾病，导致血液在心脏收缩期从右心室逆流至右心房，进而引起颈静脉的异常搏动。
肿大的甲状腺与颈前其他包块的鉴别，什么最重要?,甲状腺可随吞咽动作向上移动,在鉴别肿大的甲状腺与颈前其他包块时，甲状腺可随吞咽动作向上移动这一特点是非常重要的。这是因为甲状腺位于颈部前方，与喉和气管紧密相关，而其他包块可能不会随吞咽动作而移动
什么可借以鉴别桥本甲状腺炎与甲状腺癌?,颈总动脉搏动是否可触到,桥本甲状腺炎是一种自身免疫性疾病，而甲状腺癌是恶性肿瘤。颈总动脉搏动是否可触到可以作为鉴别的依据之一。甲状腺癌可能会侵犯到邻近结构，包括颈动脉，导致搏动减弱或消失。
直立位两上肢自然下垂时，肩胛下角相当于第几肋间？,第七肋间,在人体解剖学中，直立位时两上肢自然下垂，肩胛下角一般相当于第7肋间。这个解剖标志有助于医生在进行身体检查或某些医疗操作时定位。
某患者胸廓前后径与横径之比为1：1，肋骨与脊柱夹角大于45度，应考虑为什么疾病？,桶状胸,如果患者的胸廓前后径与横径之比为1：1，且肋骨与脊柱夹角大于45度，这可能是桶状胸的表现。桶状胸是一种胸廓畸形，可能与慢性阻塞性肺疾病（COPD）有关。
正常成年人静息状态下呼吸频率为多少？,16-20次/分,正常成年人在静息状态下的呼吸频率大约是每分钟16到20次。呼吸频率的增加（呼吸急促）或减少（呼吸迟缓）可能提示某些健康问题。
"检查发现某患者呼吸由浅慢逐渐变深快，然后由深快转为浅慢，随之出现短时暂停,周而复始,应诊断为什么疾病？",潮式呼吸,这种呼吸模式被称为潮式呼吸或陈-施呼吸，常见于严重的呼吸系统疾病或中枢神经系统疾病，如脑损伤或睡眠呼吸暂停。
哪种呼吸提示严重呼吸中枢兴奋性显著降低,间停呼吸,间停呼吸，也称为比奥呼吸，是一种呼吸节律异常，表现为呼吸周期性的暂停，提示呼吸中枢兴奋性显著降低，常见于严重的脑损伤或代谢障碍。
肺泡呼吸音在胸廓何处最强,乳房下部,肺泡呼吸音在乳房下部最强，这是因为该区域靠近肺部的较大气道，且胸壁组织较薄，有利于声音的传导。
 双侧肺泡呼吸音减弱见于什么疾病？,肺气肿,双侧肺泡呼吸音减弱可能见于肺气肿等肺部疾病，肺气肿是一种慢性阻塞性肺疾病，肺泡壁破坏导致气体困闭。
支气管呼吸音的特点为什么？,呼气时相较吸气时相长，音调高，音响强,支气管呼吸音的特点是呼气时相较吸气时相长，音调高，音响强。这种呼吸音反映了空气在较大支气管中流动的情况，常见于肺部实变或炎症。
" 某患者听诊发现肺部呼吸音呈柔和吹风样性质，吸气较强，音调较高,呼气较吸气持续时间长,应判断为什么？",肺泡呼吸音，呼气时间延长,这种现象可能与多种呼吸系统疾病相关，但最常见的原因是哮喘：哮喘患者由于气道炎症和平滑肌痉挛，导致呼气时气道狭窄，使得呼气时间延长，产生吹风样的哮鸣音
异常支气管呼吸音最常见于什么疾病？,大叶性肺炎实变期,异常支气管呼吸音最常见于大叶性肺炎实变期。在这个阶段，炎症导致肺泡内充满渗出物，使得空气流动受限，从而在听诊时产生支气管呼吸音。这种呼吸音通常在肺炎的实变区域最为明显。
 支气管哮喘患者呼吸困难的特点为什么？,反复发作性呼气性呼吸困难,支气管哮喘患者的呼吸困难特点是反复发作性的呼气性呼吸困难。这是因为哮喘发作时，气道炎症和平滑肌痉挛导致气道狭窄，尤其在呼气时更为显著，使得空气难以从肺部排出。
什么容易出现胸膜摩擦音？,结核性干性胸膜炎,胸膜摩擦音容易出现在结核性干性胸膜炎中。这种摩擦音是由于胸膜炎导致胸膜表面粗糙，当呼吸运动使两层胸膜相互摩擦时，产生类似摩擦皮革的声音。
胸膜摩檫音最易听到的部位是,腋中线第5-7肋间,胸膜摩檫音最易听到的部位是腋中线第5-7肋间。这个区域相对较为表浅，且胸壁组织较薄，使得摩擦音更容易传导至体表被听到。
患者病侧胸廓隆起，叩诊呈鼓音，语颤消失，呼吸音消失，气管移向健侧，应考虑,气胸,这种情况应考虑气胸。气胸是指空气积聚在胸膜腔内，导致肺部受压而不能正常膨胀。病侧胸廓隆起、叩诊鼓音、语颤和呼吸音消失都是气胸的典型表现。
气胸与胸腔积液查体鉴别的关键是什么？,叩诊音响,气胸与胸腔积液查体鉴别的关键是叩诊音响。气胸时，叩诊呈鼓音，而胸腔积液时，叩诊呈浊音或实音。此外，胸腔积液患者可能喜欢患侧卧位以减轻不适。
胸腔积液患者多喜哪种体位,患侧卧位,胸腔积液患者多喜欢患侧卧位。这种体位可以减轻由于液体积聚造成的压迫感和呼吸困难。
语音共振属于,听诊,语音共振属于听诊的一种方法，通过听取患者发音时在身体特定部位产生的共振声音，来评估胸膜和肺部的健康状况。
某患者，患肝炎多年，近来出现腹水，腹部隆起，欲查肝脾肿大情况，应选择哪种触诊方法,冲击触诊法,对于长期肝炎患者，如果出现腹水和腹部隆起，检查肝脾肿大情况时，应选择冲击触诊法。这种触诊技术通过快速而轻微的触诊动作，可以评估深部器官的大小和轮廓。
患者，咳嗽、咳痰20年，气促五年，下肢水肿半月，诊断为慢性支气管炎、阻塞性肺气肿、肺心病，心功能3级。该患者多采取何种体位,端坐呼吸,该患者可能多采取端坐呼吸的体位。端坐呼吸是由于平躺时膈肌活动受限，导致呼吸困难，患者被迫采取坐位或半卧位以减轻症状。
患者，女性，双下肢皮肤见多个红色点状改变，直径不超过2mm，压之不褪色，不凸出皮面。应诊断为,淤点,这种情况应诊断为淤点。淤点是由于血管损伤导致的微小出血，常见于凝血功能障碍或血管脆弱性疾病。
患儿，2岁 ，前额左右突出，头顶平坦呈方形，出汗多，考虑什么疾病？,佝偻病,这种情况应考虑佝偻病。佝偻病是由于维生素D缺乏导致的骨骼疾病，常见于婴幼儿，其特征包括颅骨软化、前额突出、头顶平坦等。
患儿，7岁，发热半月，牙龈出血1周，胸骨明显压痛。首先考虑什么疾病？,白血病,这种情况首先应考虑白血病。白血病是一种恶性肿瘤，其特征包括持续发热、出血倾向、骨痛等。
患者，男，48岁，长期吸烟，近两月来咳嗽加重并咯血丝痰，检查右上肺局限性哮鸣音，余无异常。该患者哪种可能性较大,肺癌,该患者情况较大的可能性是肺癌。长期吸烟是肺癌的主要风险因素，咳嗽加重和咯血是肺癌的常见症状。
 患者，男，31岁，活动时突感右胸部撕裂样痛，半小时后入院。查体：瘦长体型，大汗淋漓惊恐状，气促，气管偏左，叩诊右胸鼓音，右侧呼吸音消失。最可能为,右侧气胸,这种情况最可能是右侧气胸。气胸是指空气积聚在胸膜腔内，导致肺部受压。活动时突发的撕裂样胸痛是气胸的典型症状。
患者，男，28岁，受凉后畏寒、发热、咳嗽、右侧胸痛5天。查体：急性病容，右侧呼吸运动减弱，语音震颤增强，右下肺可闻及支气管呼吸音及胸膜摩檫音。最可能诊断为,右侧大叶性肺炎并胸膜炎,这种情况最可能的诊断是右侧大叶性肺炎并胸膜炎。受凉后出现的畏寒、发热、咳嗽和胸痛，加上查体发现的右侧呼吸运动减弱、语音震颤增强和异常听诊音，均指向肺炎和胸膜炎的可能性。
患者，女，57岁，长期咳嗽咳痰伴喘息。查体：桶状胸，语颤减弱，双肺过清音，肺下界下移且移动度变小，双肺可闻及湿罗音及哮鸣音。该患者首先考虑为,慢性支气管炎并阻塞性肺气肿,这种情况首先应考虑慢性支气管炎并阻塞性肺气肿。慢性支气管炎是长期反复的咳嗽和咳痰，而阻塞性肺气肿是指肺泡壁破坏，肺组织弹性减退，导致气体困闭。桶状胸、语颤减弱、过清音和肺下界下移都是阻塞性肺疾病的典型表现。
某胸痛患者，诊断为右侧胸膜炎而住院治疗，药物治疗1天胸痛消失，气促加重。该患者最大可能为,胸水增多,该患者胸痛消失但气促加重，最大可能的原因是胸水增多。胸膜炎可能导致胸膜腔内液体积聚，即胸水，这会压迫肺部，引起呼吸困难。
心前区隆起常见于,右心室增大,心前区隆起常见于右心室增大。右心室增大可能是由于肺动脉高压、肺心病、先天性心脏病等原因引起的。
正常心尖搏动位置在,胸骨左缘第5肋间锁骨中线内0.5～1.0cm处,正常心尖搏动位置位于胸骨左缘第5肋间锁骨中线内0.5～1.0cm处。心尖搏动的位置可以反映心脏的大小和功能状态。
正常人心尖搏动范围直径约为,2.0～2.5cm,正常人心尖搏动范围直径约为2.0～2.5cm。心尖搏动范围的增大或减小都可能提示心脏疾病。
心尖搏动在第6肋间左锁骨中线外2cm处，其原因为,左心室扩大,如果心尖搏动位于第6肋间左锁骨中线外2cm处，这通常表明左心室扩大。左心室扩大可能由于高血压、主动脉瓣疾病、心肌病等原因。
右心室肥大时心尖搏动的位置为,向左移位,右心室肥大时，心尖搏动的位置会向左移位。这是因为右心室肥厚导致心尖搏动向外突出。
负性心尖搏动可见于,粘连性心包炎,负性心尖搏动，即心尖搏动内陷，可见于粘连性心包炎。心包炎可能导致心包与心脏表面粘连，影响心脏搏动。
剑突下搏动常见于,右心室肥大,剑突下搏动常见于右心室肥大。右心室肥大可能导致心脏下移，使得剑突下的搏动更加明显。
左心室增大时可出现,抬举性心尖搏动,左心室增大时可能出现抬举性心尖搏动。左心室增大导致心尖搏动更加有力和范围增大。
检查心脏震颤常用,手掌尺侧,心脏震颤通常使用手掌尺侧进行检查。心脏震颤是由心脏瓣膜病变引起的血液湍流在心脏表面形成的特殊震动感，常见于某些心脏瓣膜疾病，如二尖瓣狭窄或主动脉瓣狭窄。
心尖部触及舒张期震颤，最常见于,二尖瓣狭窄,心尖部触及舒张期震颤最常见于二尖瓣狭窄。二尖瓣狭窄导致左心房与左心室之间的血流受阻，舒张期血液流入心室时产生涡流，从而在心尖部产生震颤。
一患者胸骨右缘第2肋间触及收缩期震颤，提示,主动脉瓣狭窄,胸骨右缘第2肋间触及的收缩期震颤提示主动脉瓣狭窄。主动脉瓣狭窄限制了血液从左心室流入主动脉，导致收缩期血流加速和湍流，引起震颤。
二尖瓣狭窄患者叩诊心界呈梨形，是由于,左心房及肺动脉段扩大,二尖瓣狭窄患者叩诊心界呈梨形，是由于左心房及肺动脉段扩大。二尖瓣狭窄导致左心房压力增高，进而导致左心房和肺动脉扩张。
大量心包积液患者，坐位时心浊音界呈,烧瓶形,大量心包积液患者，坐位时心浊音界呈烧瓶形。心包积液导致心脏在心包腔内移动受限，心浊音界随体位改变而变化，坐位时心脏向后下方移位，形成类似烧瓶的形状。
心浊音界呈靴形，常见于,主动脉瓣关闭不全,心浊音界呈靴形，常见于主动脉瓣关闭不全。主动脉瓣关闭不全导致左心室扩大，心浊音界向左侧扩大，形状类似靴子。
胸骨右缘第二肋间听诊区为,主动脉瓣听诊区,胸骨右缘第二肋间听诊区为主动脉瓣听诊区。这个区域是听诊主动脉瓣区，可以评估主动脉瓣的功能状态。
正常成人心率范围为,60～100／min,正常成人心率范围为60～100次/分钟。心率是指心脏每分钟跳动的次数，正常心率的范围对评估心脏功能非常重要。
通常能听到几个心音,2个,通常能听到两个心音。第一心音是心室收缩时的声音，第二心音是心室舒张时的声音。在某些情况下，如心室肥厚或瓣膜病变，可能听到第三或第四心音。
完全性房室传导阻滞时，听诊检查可出现,大炮音,完全性房室传导阻滞时，听诊检查可出现大炮音。大炮音是当心房和心室收缩同时发生时产生的一种特殊心音，常见于完全性房室传导阻滞。
二尖瓣脱垂时，心脏听诊可闻及,收缩中晚期喀喇音,二尖瓣脱垂时，心脏听诊可闻及收缩中晚期喀喇音。这种喀喇音是由于脱垂的二尖瓣叶在收缩期快速移动，导致瓣叶间或与腱索的异常接触。
第一心音增强可见于何种情况？,心室肥大时,第一心音增强可见于心室肥大时。心室肥大增加了心室收缩的力度，导致第一心音增强。
动脉导管未闭时杂音性质为,机器样,动脉导管未闭（PDA）是一种先天性心脏病，其中主动脉与肺动脉之间的导管未能在出生后正常关闭。这种导管的存在导致血液从主动脉逆流至肺动脉，产生连续性的机器样杂音，也称为“机械样”或“叹气样”杂音，因为听起来像机器运转的声音。这种杂音在胸骨左缘第二肋间最为明显。
二尖瓣狭窄患者心脏听诊时，什么最具特征性？,心尖部舒张期隆隆样杂音,二尖瓣狭窄患者在心脏听诊时最具特征性的表现是心尖部舒张期隆隆样杂音。这种杂音是由于血液在舒张期流入狭窄的二尖瓣口时产生涡流所致。此外，患者可能还会有开瓣音，即在第二心音后出现的额外心音，这是瓣膜开放的额外声响。
10岁男孩，诊为重症心肌炎，心脏听诊可出现哪项体征,钟摆律,重症心肌炎可能导致心脏听诊时出现多种异常体征，包括心音减弱、奔马律（Gallop rhythm）、心脏杂音等。奔马律是一种额外的心音，表现为心脏跳动时的额外声响，类似于马奔跑的脚步声，常见于心脏充盈增加的情况。
哪种疾病与Austin-Flint杂音有关,主动脉瓣关闭不全,Austin-Flint杂音与主动脉瓣关闭不全有关。这种杂音是一种在心尖部听到的舒张中期杂音，由于主动脉瓣关闭不全导致的血液逆流冲击二尖瓣，使得二尖瓣在舒张期产生震动。
要使二尖瓣杂音听得更清晰的体位是,左侧卧位,要使二尖瓣杂音听得更清晰，通常采用左侧卧位。这个体位可以减少胸壁的厚度，使听诊器更接近心脏，从而更容易听到心脏的杂音。
作Valsalva动作时，可使哪种杂音增强？,特发性肥厚型主动脉瓣下狭窄,Valsalva动作是一种通过闭住口鼻并尝试呼气来增加胸腔内压力的动作。这种动作可以增强心脏的某些杂音，特别是那些与心脏瓣膜功能有关的杂音，如主动脉瓣关闭不全时的叹气样杂音
水冲脉临床上主要见于,主动脉瓣关闭不全,水冲脉，也称为Corrigan脉，临床上主要见于主动脉瓣关闭不全。这种脉搏的特点是快速上升和下降，感觉像水冲击一样，反映了由于主动脉瓣关闭不全导致的脉压增大。
心包积液时可出现什么症状？,奇脉,心包积液时可能出现的症状包括呼吸困难、胸痛、心悸、腹胀、下肢水肿等。心包积液会压迫心脏，影响心脏的正常充盈和泵血功能，导致这些症状。
急性心肌梗死时可出现,交替脉,急性心肌梗死时可能出现的症状包括持续而剧烈的胸痛、气短、恶心、呕吐、出汗、晕厥、心律失常等。心肌梗死是心肌由于冠状动脉血流受阻导致的缺血性坏死。
一侧脉搏消失见于何种情况？,多发性大动脉炎,一侧脉搏消失可能见于多发性大动脉炎、主动脉夹层、严重的动脉粥样硬化、血栓形成或血管损伤等情况。这些疾病影响血液流向一个或多个肢体，导致脉搏减弱或消失。
成人正常血压标准为什么？,收缩压≤18.6kPa(140mmHg)，舒张压≤12.0kPa(90mmHg),成人正常的血压标准是收缩压不超过18.6kPa（140mmHg）且舒张压不超过12.0kPa（90mmHg）。血压是血液对血管壁施加的压力，持续的高血压或低血压都可能对健康造成影响。
正常成人的脉压标准为？,4.0～5.3kPa(30～40mmHg),正常成人的脉压标准为4.0～5.3kPa（30～40mmHg）。脉压是收缩压和舒张压之间的差值，反映了血管的弹性和心脏泵血的效率。
测量下肢血压时，患者应采取？,俯卧位,在测量下肢血压时，患者通常采取俯卧位，即面向下躺平，以便于测量踝部或小腿的血压。这种体位有助于确保血压读数的准确性，因为下肢血压的测量可能会受到体位和血压袖带位置的影响。
毛细血管搏动征的检查部位是？,指甲末端,毛细血管搏动征是一种通过观察指甲或甲床在心脏收缩时的搏动来评估微循环的方法。正常情况下，不应在指甲末端观察到搏动。如果在指甲末端观察到明显的搏动，可能提示存在周围血管疾病或主动脉瓣关闭不全。
射枪音主要见于什么？,主动脉瓣关闭不全,射枪音是一种特殊的心脏杂音，由心脏瓣膜关闭不全导致的血液逆流引起。在主动脉瓣关闭不全的情况下，血液在心脏舒张期逆流进入左心室，产生射枪音，这种杂音通常在胸骨右缘第二肋间最为明显。
腹部检查方法以哪种最为重要,触诊,腹部检查是医学诊断中的重要组成部分，触诊是评估腹部器官大小、形状、位置、质地以及有无压痛或肿块的关键方法。通过触诊，医生可以检查肝脏、脾脏、肾脏和腹部其他结构，评估是否存在异常。
一腹壁静脉曲张患者，脐以上血流方向由下至上，脐以下血流由上至下，见于,门静脉阻塞,腹壁静脉曲张是一种可见的血管扩张，可能与门静脉系统的压力增高有关。门静脉阻塞会导致脐以上的血流方向逆转，即血液由下至上流动；而脐以下的血流方向则保持正常，由上至下。这种情况需要通过影像学检查如超声或CT进一步评估。
全腹膨隆，腹外形随体位而改变，见于,腹腔积液,腹腔积液，也称为腹水，是指在腹腔内积聚过多的液体。这种情况可能导致腹部外形随体位改变而膨隆，是肝硬化、心力衰竭、肾病综合征和某些癌症的常见并发症。
胃肠穿孔患者，腹外形呈,球形膨隆,胃肠穿孔是指胃肠壁出现破口，导致胃肠内容物进入腹腔，可能引起急性腹膜炎。这种情况可能导致腹部外形呈球形膨隆，伴随有剧烈腹痛、腹部僵硬和感染中毒症状。
小肠梗阻时，其蠕动波出现在,脐部,小肠梗阻可能导致肠道蠕动波在脐部显现。蠕动波是肠道蠕动时皮肤表面的波动，小肠梗阻时，这些波可能更加明显，反映了肠道内积聚的内容物和气体。
皮质醇增多症患者，腹部视诊常见,紫纹,皮质醇增多症，无论是由于库欣综合征还是其他原因，都可能导致皮肤变薄和易出现紫纹。紫纹是皮肤上出现的红色或紫色条纹，常见于腹部、大腿和臀部。
上腹部出现明显胃蠕动波，常见于,幽门梗阻,幽门梗阻是指胃和十二指肠之间的通道受阻，导致食物无法正常通过幽门进入小肠。这种情况下，上腹部可能出现明显的胃蠕动波，反映了胃的强烈蠕动和食物排空困难
腹壁壁揉面感多见于,结核性腹膜炎,结核性腹膜炎是由结核杆菌引起的慢性腹膜感染，可能导致腹壁柔韧感，类似于揉捏面团的感觉。这种情况需要通过临床症状、实验室检查和影像学检查综合诊断。
肝脏扩张性搏动常见于,三尖瓣关闭不全,肝脏扩张性搏动是指在心脏收缩期，肝脏体积随血流的脉冲而增大，可以在腹部触诊时感觉到。这种搏动常见于三尖瓣关闭不全，因为右心室的血液逆流导致肝脏充血。
 肝大，质韧，表面光滑，有压痛，肝颈静脉回流征(+)应首先考虑,肝淤血,肝淤血是指由于心脏功能不全或肝脏血液回流受阻导致的肝脏充血和肿大。肝大、质韧、表面光滑和有压痛，加上肝颈静脉回流征阳性，是肝淤血的典型表现。
诊断肝包虫病具有特殊意义的体征是,肝震颤,肝包虫病，也称为肝棘球蚴病，是由包虫属的寄生虫感染肝脏所致。在体检时，如果医生在肝脏表面触及到震颤感，这可能是肝包虫病的特征性体征，称为肝震颤。这种震颤是由于包虫囊肿内充满液体，当患者深呼吸时，囊肿内的液体移动产生震颤。肝震颤的发现应促使医生进一步进行影像学检查和实验室检测，以确诊肝包虫病。
正常脾浊音区宽度为,4—7cm,脾脏是腹部的一个大的淋巴器官，位于左上腹部。脾脏的浊音区是指在腹部叩诊时，脾脏实质所产生的叩诊音。正常情况下，脾浊音区的宽度大约在4到7厘米之间，这可以作为评估脾脏大小和是否存在脾肿大的一个参考指标。
无痛性胆囊肿大伴进行性黄疸患者，应首先考虑,胰腺癌,无痛性胆囊肿大伴进行性黄疸可能提示胆道系统受到压迫或阻塞。胰腺癌是成人中常见的恶性肿瘤之一，由于胰腺紧邻胆道，胰腺癌的生长可能压迫胆总管，导致胆汁流通受阻，引起黄疸。这种情况需要通过影像学检查如CT或MRI来确诊。
肝浊音界缩小应除外,胃肠穿孔,肝浊音界缩小可能意味着肝脏体积的减小，这种情况可能由多种原因引起，如肝萎缩、肝硬化等。然而，在考虑肝浊音界缩小的原因时，应首先排除胃肠穿孔的可能性，因为胃肠穿孔可能导致气腹，影响肝脏浊音界的叩诊。
 左肋缘下触及一5cm肿块，并有切迹，应诊断为,脾脏,如果在左肋缘下触及到一个约5cm大小的肿块，并且肿块边缘有切迹，这通常提示脾脏肿大。脾脏肿大可能由多种原因引起，包括感染、血液疾病、肝硬化、肿瘤等。
移动性浊音用于检查,腹腔积液,移动性浊音是一种叩诊手法，用于检测腹腔内是否有游离液体，如腹水。当腹腔内有大量液体积聚时，患者改变体位后，液体会随重力移动，导致浊音区的位置和大小发生变化。
女，35岁，持续性右上腹痛2d，疼痛放射至右肩部，体检有右上腹肌紧张，压痛，反跳痛，应首先考虑,急性胆囊炎,急性胆囊炎是胆囊发炎的一种情况，通常由胆囊结石引起。持续性右上腹痛，疼痛放射至右肩部，以及右上腹肌紧张、压痛和反跳痛是急性胆囊炎的典型临床表现。
脐周静脉连续性嗡鸣音，见于,门脉高压,脐周静脉连续性嗡鸣音是由于门静脉系统压力增高导致的血流异常。门脉高压可能由肝硬化、肝脏血管疾病、肝外门静脉阻塞等原因引起。
肠鸣音正常是指,4～5/min,肠鸣音是肠道蠕动时产生的声音，通过听诊器可以听到。正常情况下，肠鸣音大约每分钟出现4到5次。肠鸣音的频率、强度和音质可以反映肠道功能的异常。
中腹部听到喷射性杂音，常提示,腹主动脉瘤,腹主动脉瘤是指腹主动脉局部的异常扩张。当在中腹部听到喷射性杂音时，应警惕腹主动脉瘤的可能性。这种杂音是由于动脉瘤内血流加速引起的。
哪项检查有助于检测少量腹水,搔弹音,搔弹音是一种叩诊手法，有助于检测少量腹水。当腹腔内有少量液体积聚时，搔弹音可以产生特殊的声响，帮助医生发现不易通过常规叩诊发现的腹水。
腹部触及包块时，包块与周围组织粘连，不易推动，压痛明显者，应考虑,炎性肿块,当腹部触及到一个包块，且该包块与周围组织粘连、不易推动、有明显压痛时，应考虑炎性肿块的可能性。炎性肿块可能由感染、炎症性疾病、肿瘤等原因引起。
 脊柱过度后弯称为脊柱后凸，也称为驼背，多发生于,胸段脊柱,脊柱后凸是指脊柱向后过度弯曲，形成驼背的外观，这种情况最常发生在胸段脊柱。脊柱后凸可能由多种原因引起，包括骨骼发育异常、退行性关节病、脊柱结核等。
脊柱过度向前凸出性弯曲，称脊柱前凸，多发生于,腰段脊柱,脊柱前凸是指脊柱向前过度弯曲，这种情况最常发生在腰段脊柱。脊柱前凸可能由多种原因引起，包括妊娠、肥胖、退行性脊柱疾病等。
青少年时期出现脊柱后凸，多见于,胸椎结核,在青少年时期出现的脊柱后凸，尤其是在没有明显外伤或其他脊柱疾病的情况下，应考虑胸椎结核的可能性。胸椎结核是一种慢性感染性疾病，可以导致椎体破坏和脊柱后凸。
老年人骨质退行性变时，常出现,脊柱后凸,随着年龄的增长，骨质退行性变是常见的现象，这可能导致脊柱后凸，尤其是在胸椎和腰椎。退行性变化包括骨关节炎、骨质疏松、椎间盘退化等。
匙状甲多见于,缺铁性贫血,匙状甲是一种指甲改变，指甲变薄、凹陷，中央凹陷而边缘翘起，形状类似匙子。匙状甲是缺铁性贫血的典型表现之一，可能与铁缺乏影响指甲角蛋白的合成有关。
支气管肺癌患者常出现,杵状指,杵状指是指手指或足趾末端增生、肥厚，呈鼓槌状。杵状指在支气管肺癌患者中较为常见，可能与慢性组织缺氧和血液循环异常有关。
尺神经损伤者手部改变为,爪形手,尺神经是上肢的主要神经之一，损伤后可能导致手部内在肌功能障碍，表现为手指不能伸直，形成爪形手。爪形手是由于手指的伸展和外展肌群功能丧失，而屈曲和内收肌群相对过度活跃所致。
滑车神经受损时出现,眼球向下及外展运动减弱,滑车神经是控制眼球运动的外周神经之一，当滑车神经受损时，会影响眼球的向下和向外运动，导致眼球运动减弱或受限。
一侧肢行随意运动丧失，伴同侧中枢性面瘫及舌瘫，称为,偏瘫,偏瘫是指由于大脑损伤（如中风）导致的一侧肢体随意运动丧失，常伴有同侧中枢性面瘫和舌瘫。偏瘫是神经系统损伤的严重表现，需要及时的医疗评估和康复治疗。
震颤在动作时出现，愈近目的物时愈明显，称为,动作性震颤,动作性震颤是一种在进行主动运动时出现的震颤，尤其是在接近目标物体时最为明显。这种震颤可能由多种神经系统疾病引起，如帕金森病、良性震颤等
患者锥体外系损害时，肌张力改变为,铅管样强直,锥体外系是大脑控制肌肉活动的重要部分，当锥体外系受损时，可能导致肌张力异常，表现为铅管样强直。铅管样强直是指肌肉在被动运动时阻力均匀增加，类似于弯曲铅管的感觉。
低钙血症时可出现,手足搐搦,低钙血症是指血液中钙离子浓度低于正常水平，可能导致手足搐搦。手足搐搦是一种由于钙离子浓度过低引起的肌肉痉挛，常见于严重的低钙血症或其他电解质紊乱。
 患者浅感觉障碍，可能出现异常的是,痛温觉,浅感觉是指皮肤和黏膜表面的感觉，包括痛觉、温度觉和触觉。患者出现浅感觉障碍时，最可能出现异常的是痛觉和温度觉，而触觉可能相对保留。
患者闭目，检查者在其皮肤上画简单图形，是测定患者的,皮质觉,皮质觉是指人体对外界刺激的感觉，包括触觉、痛觉和温度觉。在医学检查中，医生会在患者闭眼的情况下，使用非锐利的物体（如棉签或火柴棍）在患者的皮肤上轻轻划过，形成简单的图形或线条。通过这种测试，医生可以评估患者的触觉是否正常，以及大脑对这些感觉的解释能力。
重度贫血的血红蛋白含量为,＜60g/L,重度贫血是指血红蛋白含量严重低于正常水平，成人男性血红蛋白含量低于60g/L，成人女性低于50g/L。重度贫血可能导致氧气输送不足，引起疲劳、呼吸困难、心悸等症状。
引起绝对性红细胞增多的原因,严重的心肺疾患,绝对性红细胞增多是指血液中红细胞数量异常增多，可能由多种原因引起，包括严重的心肺疾患、居住在高海拔地区、吸烟、肿瘤等。
在疾病进行期突然出现核右移，提示,预后不好,核右移是指白细胞中的中性粒细胞核右移现象，即中性粒细胞的核分叶过多。在疾病进行期突然出现核右移，可能提示感染严重或机体反应性差，预后不良。
急性化脓菌感染时，如白细胞部数明显增多，并伴有明显核左移，说明,感染严重，机体反应性良好,在急性化脓菌感染时，白细胞数量明显增多，尤其是中性粒细胞增多，并伴有核左移（即未成熟的中性粒细胞增多），说明机体对感染有良好的反应性，这通常是一个积极的预后指标。
淋巴细胞增多见于,病毒性感染,淋巴细胞是免疫系统的重要组成部分，其数量增多见于病毒性感染，因为淋巴细胞在抵抗病毒感染中发挥重要作用。
急性尿道炎时，尿沉渣镜检可见,大量扁平上皮细胞并伴随较多的白细胞,急性尿道炎是尿道的急性炎症，可能由多种病原体引起。尿沉渣镜检时，可见大量扁平上皮细胞和较多的白细胞，这些细胞的增多反映了尿道炎症的存在。
尿内出现白细胞管型时见于, 急性肾孟肾炎,白细胞管型是指在尿液中出现的含有白细胞的管型结构。尿内出现白细胞管型是急性肾孟肾炎的典型表现，提示肾脏存在炎症。
临床检测肾小球滤过功能时，常选用的肾功能试验为,菊粉清除率,菊粉清除率是一种评估肾小球滤过功能的试验，通过测量菊粉（一种不会被肾脏重吸收或分泌的物质）的清除率来反映肾小球的滤过能力。
慢性肾炎并尿毒症时，血清尿素氮（BUN）和血浆二氧化碳结合力（CO2CP）检查结果,BUN升高，CO2CP降低,慢性肾炎并尿毒症时，肾脏的排泄功能严重受损，导致血清尿素氮（BUN）升高和血浆二氧化碳结合力（CO2CP）降低，这些变化反映了肾功能衰竭的严重程度。
脓血便常见于,细菌性痢疾,细菌性痢疾是一种由痢疾杆菌引起的肠道感染，特征性表现为脓血便，即粪便中含有明显的脓液和血液。
霍乱病人的粪便特点呈,米泔样便,霍乱是一种由霍乱弧菌引起的严重肠道传染病，其特征性粪便为米泔样便，即粪便呈稀水样，可能含有少量粘液，但一般无脓血。
暗红色稀果酱样粪便见于, 阿米巴痢疾,阿米巴痢疾是由阿米巴原虫引起的肠道感染，其粪便特征为暗红色稀果酱样，含有血液和粘液，有特殊的恶臭。
血象中性粒细胞增多常见于,化脓性感染,中性粒细胞是白细胞的一种，主要负责抵御细菌感染。在化脓性感染时，中性粒细胞的数量会增多，以对抗感染。
周围血液酸性粒细胞增多常见于,寄生虫病,酸性粒细胞是白细胞的一种，其数量增多常见于寄生虫感染，因为酸性粒细胞具有抗寄生虫的作用。
红细胞分布宽度（RDW ）可用于估计,红细胞体积异质性,红细胞分布宽度（RDW）是衡量血液中红细胞大小变异的指标，用于估计红细胞体积异质性，即红细胞大小的不一致性，这可能与某些贫血症如缺铁性贫血或维生素B12缺乏性贫血有关。
患儿，男性，12 岁，面色苍白，贫血乏力，肝、脾肿大，血红蛋白70g/L ，血片见正常和低色素红细胞及少数中、晚幼粒细胞，红细胞渗透性减低，骨髓环状铁粒幼红细胞达45%，其诊断可能为,铁粒幼红细胞性贫血,铁粒幼红细胞性贫血是一种由于铁利用障碍导致的贫血，特征是骨髓中铁贮存增多，但铁不能有效地用于血红蛋白合成。患儿的临床表现和实验室检查结果与铁粒幼红细胞性贫血的特点相符
毛细血管采血常用的部位是,手指,毛细血管采血是一种常用的采血方法，通常采用手指或耳垂等部位，因为这些部位的血管较为浅表，容易穿刺。
周围血中血小板计量正常值是,1030万/mm3,"血小板是血液中的一种细胞碎片，负责血液凝固。正常成人周围血中的血小板计数范围为150,000至450,000/mm³（1.5至4.5×10¹²/L）"
成人男性正常红细胞和血红蛋白数值是,（4.0-5.5）×1012/L（400550万/立方毫米）120～160g/L（12-16g/dl）,成人男性的正常红细胞计数范围是（4.0-5.5）×10¹²/L，血红蛋白浓度为120～160g/L。
正常成人每昼夜尿量通常为, 1000～2000ml,正常成人每天的尿量大约是1000至2000毫升，这个范围受多种因素影响，包括液体摄入量、肾脏功能、体格活动水平等。
多尿、少尿及无尿的标准分别为（ml/24h）,>2500ml 、<400ml、<100ml,多尿是指24小时内尿量超过2500毫升，少尿是指24小时内尿量少于400毫升，而无尿则是指24小时内尿量少于100毫升。
镜下血尿的诊断标准，应为尿沉渣镜检，每高倍视野大于多少只红细胞,>3只,镜下血尿是指尿液中红细胞的数量超过正常范围，当尿沉渣镜检显示每高倍视野超过3只红细胞时，可以诊断为镜下血尿。
镜下脓尿的论断标准指,WBC＞5个/高倍视野,镜下脓尿是指尿液中白细胞的数量超过正常范围，当尿沉渣镜检显示每高倍视野超过5个白细胞时，可以诊断为镜下脓尿。
尿常规检查中见大量白细胞及白细胞管型，支持哪项疾病的诊断,肾盂肾炎,尿常规检查中出现大量白细胞及白细胞管型，支持肾盂肾炎的诊断。肾盂肾炎是一种肾脏感染，通常由细菌引起，导致肾盂和肾实质的炎症。
溶血性黄疸时，尿二胆表现为,. 尿胆原（+） 尿胆红素（-）,溶血性黄疸是由于大量红细胞破坏，释放出过多的胆红素，超过肝脏的处理能力，导致血液中间接胆红素升高。在这种情况下，尿液中尿胆原（尿中的游离胆红素）阳性，而尿胆红素（结合胆红素）阴性。
肝细胞性黄疸时，尿二胆可表现为,尿胆原（+） 尿胆红素（+）,肝细胞性黄疸是由于肝细胞损伤导致胆红素代谢障碍，血液中直接胆红素和间接胆红素均升高。因此，尿液中尿胆原和尿胆红素均可呈阳性。
反应肝癌最敏感的指标是,甲胎蛋白（AFP）,甲胎蛋白（AFP）是一种肝脏肿瘤标志物，通常用于肝癌的筛查和监测。AFP水平的升高可以提示肝癌的存在，尤其是在慢性肝病患者中。
肉眼血尿是指,尿中含血量达1 ml／L时，外观呈洗肉水样,肉眼血尿是指尿液中含有足够数量的红细胞，使得尿液在肉眼下呈现血色，通常当尿中含血量达到1毫升/升时，尿液外观会呈现洗肉水样的红色。
管型尿是指,12小时尿沉渣计数管型>5000个,管型尿是指尿液中管型的排泄量异常增多，12小时尿沉渣计数超过5000个管型，可能提示肾脏损伤。
 急性乙型肝炎病程中，抗原和抗体出现的先后是,HBsAg、HBeAg、Anti-HBc、Anti-HBe、Anti-HBs,在急性乙型肝炎的病程中，乙型肝炎表面抗原（HBsAg）通常首先出现，随后是乙型肝炎e抗原（HBeAg），然后是乙型肝炎核心抗体（Anti-HBc），接着是乙型肝炎e抗体（Anti-HBe），最后是乙型肝炎表面抗体（Anti-HBs）。
胆红素在血液中主要与哪一种血浆蛋白质结合而运输,白蛋白,胆红素在血液中主要与血浆中的白蛋白结合，形成可溶性的复合物进行运输。
醋酸纤维薄膜电泳可把血清蛋白分成五条带，由正极数起它们的顺序是,白蛋白、α1球蛋白、α2球蛋白、β球蛋白、γ球蛋白,醋酸纤维薄膜电泳是一种分离血清蛋白的实验室技术，可以将血清蛋白分离成五个主要组分，按正极至负极的顺序依次为白蛋白、α1球蛋白、α2球蛋白、β球蛋白和γ球蛋白。
血中哪一种胆红素增加会在尿中出现胆红素,结合胆红素,在血液中，只有结合胆红素（直接胆红素）能够通过肾小球滤过进入尿液，因此，当血中结合胆红素增加时，尿液中会出现胆红素。
尿液中出现何种管型多提示早期肾小球病变可能,红细胞管型,尿液中出现红细胞管型多提示早期肾小球病变的可能性，这可能是由于肾小球的炎症或损伤导致的。
正常人尿液中所含的微量蛋白质是以, 白蛋白为主,在正常情况下，尿液中的微量蛋白质主要由白蛋白组成，通常含量很低，但在某些肾脏疾病中，尿液中的白蛋白含量可能增加，形成所谓的蛋白尿。
 新鲜尿标本具有强烈的氨味，可能是,慢性膀胱炎,新鲜尿液具有强烈的氨味可能提示慢性膀胱炎的存在。慢性膀胱炎是膀胱的持续性炎症，可能导致尿液中尿素分解增加，产生更多的氨。
常用作尿有形成分检验的防腐剂是,甲醛,甲醛是一种常用的尿有形成分检验的防腐剂，它可以固定尿液中的细胞和管型，防止其分解，从而保持尿液样本的完整性，便于后续的显微镜检查。
粪便外观呈白陶土色，主要见于,阻塞性黄疸,粪便外观呈白陶土色主要见于阻塞性黄疸，这是因为胆汁流入肠道受阻，导致粪便中缺乏胆红素，使得粪便颜色变浅。
 脑脊液采集的第一管用作下列哪项检查,细菌培养,脑脊液采集的第一管通常用于细菌培养，以检测可能存在的中枢神经系统感染，如脑膜炎。
重度贫血的血红蛋白含量为,Hb<60g/L,重度贫血是指血红蛋白（Hb）含量严重低于正常范围下限，即成年男性和非妊娠成年女性的血红蛋白含量低于130g/L，妊娠女性低于110g/L，并且当血红蛋白含量下降至60g/L以下时，称为重度贫血。重度贫血可能导致氧气输送不足，引起疲劳、乏力、心慌、头痛等症状，严重时可能危及生命。
哪种贫血属于典型小细胞低色素贫血,缺铁性贫血,缺铁性贫血属于典型的小细胞低色素贫血，这是因为铁是血红蛋白合成的必需元素，铁缺乏导致血红蛋白合成减少，进而影响红细胞的大小和血红蛋白含量
右心房肥大的主要诊断条件是,PⅡ、PⅢ、PaVF>0.25mV,右心房肥大的诊断主要依据心电图（ECG）的变化，尤其是P波的变化。在ECG的第二和第三肋间（V1导联）上，P波振幅超过0.25毫伏（mV）提示右心房肥大。
左心房肥大的诊断条件是,PⅡ、PⅢ、PaVL有切迹，双峰间期>0.04秒,左心房肥大的诊断同样依据心电图上的P波特征。在ECG的第二、第三肋间和左臂导联（PaVL）上，P波出现切迹，且双峰间的间隔超过0.04秒，提示左心房肥大。
哪项心电图改变能确定有心肌缺血,V4、V5、V6的ST段水平下移>0. 2mV伴T波倒置,心电图（ECG）上V4、V5、V6导联的ST段水平下移超过0.2mV伴T波倒置，是心肌缺血的特征性改变。
哪项心电图表现可以说明患者曾发生过心肌梗塞,V3一V5的Q波>0.04s,心电图（ECG）上V3至V5导联的Q波超过0.04秒，且伴有ST段抬高或T波改变，可以说明患者曾发生过心肌梗塞。
 急性心肌梗塞时，对诊断最有价值的心电图改变是,病理性Q波伴ST段呈弓背向上型抬高，与T波形成单向曲线,急性心肌梗塞时，心电图（ECG）上病理性Q波伴ST段呈弓背向上型抬高，与T波形成单向曲线，是对诊断最有价值的改变。
前壁心肌梗塞出现特征性ECG改变的导联是,V3、V4、V5,前壁心肌梗塞时，心电图（ECG）上特征性的改变通常出现在V3、V4、V5导联，这些导联覆盖左心室的前壁区域。
前侧壁心肌梗塞出现特征性ECG改变的导联是,V5、V6,前侧壁心肌梗塞时，心电图（ECG）上的特征性改变出现在V5、V6导联，这些导联能够捕捉到左心室前侧壁的电活动变化。
广泛性前壁心肌梗塞出现特征性ECG改变的导联是,V1、V2、V3、V4、V5、V6,广泛性前壁心肌梗塞波及的范围较广，心电图（ECG）上的特征性改变可能在V1至V6导联都可见。
下壁心肌梗塞出现特征性ECG改变的导联是,Ⅱ、Ⅲ、aVF,下壁心肌梗塞时，心电图（ECG）上的特征性改变主要出现在Ⅱ、Ⅲ、aVF导联，这些导联反映了左心室下壁的电活动。
心电图对区别心肌梗塞和变异型心绞痛最有诊断意义的改变是,病理性Q波,心电图（ECG）上病理性Q波的出现是区别心肌梗塞和变异型心绞痛的关键。病理性Q波表明心肌已经发生坏死，而变异型心绞痛则不会导致心肌坏死。
刺激迷走神经可以终止哪种心律失常,阵发性室上性心动过速,刺激迷走神经可以终止阵发性室上性心动过速（PSVT）这类心律失常。迷走神经刺激通过增加心脏对迷走神经递质的敏感性，减慢心率，恢复正常的心律。
心室律规则的心电图可见于,I度房室传导阻滞,心电图（ECG）上心室律规则，但PR间期延长，可见于I度房室传导阻滞。I度房室传导阻滞是房室传导延迟的轻度形式，通常不会导致严重症状。
仅在心电图检查时才能发现的心律失常为,I度房室传导阻滞,I度房室传导阻滞是一种心电图上可观察到的心律失常，它表现为PR间期的延长，但在临床检查中可能没有明显的症状。
完全性右束支传导阻滞，心电图最有诊断价值的是,V1呈rsR＇型,完全性右束支传导阻滞的心电图特征包括V1导联中的rsR'波型，其中r表示小的初始波，s表示深的Q波，R'表示宽的R波。
低血钾的心电图主要特点是, U波增高,低血钾时，心电图（ECG）的主要特点是U波增高，U波是在T波之后出现的一个小的正向波，低钾血症时U波可能增高并变得明显。
